,Identifier,Epoch,Tile,Subtile,Version,SignalURL,RMSURL
0,VLASS1.1.T01t09.J040228-363000,VLASS1.1,T01t09,J040228-363000,v1,https://archive-new.nrao.edu/vlass/quicklook/VLASS1.1/T01t09/VLASS1.1.ql.T01t09.J040228-363000.10.2048.v1/VLASS1.1.ql.T01t09.J040228-363000.10.2048.v1.I.iter1.image.pbcor.tt0.subim.fits,https://archive-new.nrao.edu/vlass/quicklook/VLASS1.1/T01t09/VLASS1.1.ql.T01t09.J040228-363000.10.2048.v1/VLASS1.1.ql.T01t09.J040228-363000.10.2048.v1.I.iter1.image.pbcor.tt0.rms.subim.fits
1,VLASS1.1.T01t09.J042731-373000,VLASS1.1,T01t09,J042731-373000,v1,https://archive-new.nrao.edu/vlass/quicklook/VLASS1.1/T01t09/VLASS1.1.ql.T01t09.J042731-373000.10.2048.v1/VLASS1.1.ql.T01t09.J042731-373000.10.2048.v1.I.iter1.image.pbcor.tt0.subim.fits,https://archive-new.nrao.edu/vlass/quicklook/VLASS1.1/T01t09/VLASS1.1.ql.T01t09.J042731-373000.10.2048.v1/VLASS1.1.ql.T01t09.J042731-373000.10.2048.v1.I.iter1.image.pbcor.tt0.rms.subim.fits
2,VLASS1.1.T01t09.J042741-383000,VLASS1.1,T01t09,J042741-383000,v2,https://archive-new.nrao.edu/vlass/quicklook/VLASS1.1/T01t09/VLASS1.1.ql.T01t09.J042741-383000.10.2048.v2/VLASS1.1.ql.T01t09.J042741-383000.10.2048.v2.I.iter1.image.pbcor.tt0.subim.fits,https://archive-new.nrao.edu/vlass/quicklook/VLASS1.1/T01t09/VLASS1.1.ql.T01t09.J042741-383000.10.2048.v2/VLASS1.1.ql.T01t09.J042741-383000.10.2048.v2.I.iter1.image.pbcor.tt0.rms.subim.fits
3,VLASS1.1.T01t11.J052214-363000,VLASS1.1,T01t11,J052214-363000,v1,https://archive-new.nrao.edu/vlass/quicklook/VLASS1.1/T01t11/VLASS1.1.ql.T01t11.J052214-363000.10.2048.v1/VLASS1.1.ql.T01t11.J052214-363000.10.2048.v1.I.iter1.image.pbcor.tt0.subim.fits,https://archive-new.nrao.edu/vlass/quicklook/VLASS1.1/T01t11/VLASS1.1.ql.T01t11.J052214-363000.10.2048.v1/VLASS1.1.ql.T01t11.J052214-363000.10.2048.v1.I.iter1.image.pbcor.tt0.rms.subim.fits
4,VLASS1.1.T01t24.J114745-383000,VLASS1.1,T01t24,J114745-383000,v1,https://archive-new.nrao.edu/vlass/quicklook/VLASS1.1/T01t24/VLASS1.1.ql.T01t24.J114745-383000.10.2048.v1/VLASS1.1.ql.T01t24.J114745-383000.10.2048.v1.I.iter1.image.pbcor.tt0.subim.fits,https://archive-new.nrao.edu/vlass/quicklook/VLASS1.1/T01t24/VLASS1.1.ql.T01t24.J114745-383000.10.2048.v1/VLASS1.1.ql.T01t24.J114745-383000.10.2048.v1.I.iter1.image.pbcor.tt0.rms.subim.fits
5,VLASS1.1.T01t30.J145232-373000,VLASS1.1,T01t30,J145232-373000,v1,https://archive-new.nrao.edu/vlass/quicklook/VLASS1.1/T01t30/VLASS1.1.ql.T01t30.J145232-373000.10.2048.v1/VLASS1.1.ql.T01t30.J145232-373000.10.2048.v1.I.iter1.image.pbcor.tt0.subim.fits,https://archive-new.nrao.edu/vlass/quicklook/VLASS1.1/T01t30/VLASS1.1.ql.T01t30.J145232-373000.10.2048.v1/VLASS1.1.ql.T01t30.J145232-373000.10.2048.v1.I.iter1.image.pbcor.tt0.rms.subim.fits
6,VLASS1.1.T01t30.J145731-373000,VLASS1.1,T01t30,J145731-373000,v1,https://archive-new.nrao.edu/vlass/quicklook/VLASS1.1/T01t30/VLASS1.1.ql.T01t30.J145731-373000.10.2048.v1/VLASS1.1.ql.T01t30.J145731-373000.10.2048.v1.I.iter1.image.pbcor.tt0.subim.fits,https://archive-new.nrao.edu/vlass/quicklook/VLASS1.1/T01t30/VLASS1.1.ql.T01t30.J145731-373000.10.2048.v1/VLASS1.1.ql.T01t30.J145731-373000.10.2048.v1.I.iter1.image.pbcor.tt0.rms.subim.fits
7,VLASS1.1.T01t31.J150234-393000,VLASS1.1,T01t31,J150234-393000,v1,https://archive-new.nrao.edu/vlass/quicklook/VLASS1.1/T01t31/VLASS1.1.ql.T01t31.J150234-393000.10.2048.v1/VLASS1.1.ql.T01t31.J150234-393000.10.2048.v1.I.iter1.image.pbcor.tt0.subim.fits,https://archive-new.nrao.edu/vlass/quicklook/VLASS1.1/T01t31/VLASS1.1.ql.T01t31.J150234-393000.10.2048.v1/VLASS1.1.ql.T01t31.J150234-393000.10.2048.v1.I.iter1.image.pbcor.tt0.rms.subim.fits
8,VLASS1.1.T02t26.J125556-323000,VLASS1.1,T02t26,J125556-323000,v1,https://archive-new.nrao.edu/vlass/quicklook/VLASS1.1/T02t26/VLASS1.1.ql.T02t26.J125556-323000.10.2048.v1/VLASS1.1.ql.T02t26.J125556-323000.10.2048.v1.I.iter1.image.pbcor.tt0.subim.fits,https://archive-new.nrao.edu/vlass/quicklook/VLASS1.1/T02t26/VLASS1.1.ql.T02t26.J125556-323000.10.2048.v1/VLASS1.1.ql.T02t26.J125556-323000.10.2048.v1.I.iter1.image.pbcor.tt0.rms.subim.fits
9,VLASS1.1.T02t26.J125909-323000,VLASS1.1,T02t26,J125909-323000,v2,https://archive-new.nrao.edu/vlass/quicklook/VLASS1.1/T02t26/VLASS1.1.ql.T02t26.J125909-323000.10.2048.v2/VLASS1.1.ql.T02t26.J125909-323000.10.2048.v2.I.iter1.image.pbcor.tt0.subim.fits,https://archive-new.nrao.edu/vlass/quicklook/VLASS1.1/T02t26/VLASS1.1.ql.T02t26.J125909-323000.10.2048.v2/VLASS1.1.ql.T02t26.J125909-323000.10.2048.v2.I.iter1.image.pbcor.tt0.rms.subim.fits
10,VLASS1.1.T02t35.J172158-353000,VLASS1.1,T02t35,J172158-353000,v1,https://archive-new.nrao.edu/vlass/quicklook/VLASS1.1/T02t35/VLASS1.1.ql.T02t35.J172158-353000.10.2048.v1/VLASS1.1.ql.T02t35.J172158-353000.10.2048.v1.I.iter1.image.pbcor.tt0.subim.fits,https://archive-new.nrao.edu/vlass/quicklook/VLASS1.1/T02t35/VLASS1.1.ql.T02t35.J172158-353000.10.2048.v1/VLASS1.1.ql.T02t35.J172158-353000.10.2048.v1.I.iter1.image.pbcor.tt0.rms.subim.fits
11,VLASS1.1.T03t14.J090023-283000,VLASS1.1,T03t14,J090023-283000,v1,https://archive-new.nrao.edu/vlass/quicklook/VLASS1.1/T03t14/VLASS1.1.ql.T03t14.J090023-283000.10.2048.v1/VLASS1.1.ql.T03t14.J090023-283000.10.2048.v1.I.iter1.image.pbcor.tt0.subim.fits,https://archive-new.nrao.edu/vlass/quicklook/VLASS1.1/T03t14/VLASS1.1.ql.T03t14.J090023-283000.10.2048.v1/VLASS1.1.ql.T03t14.J090023-283000.10.2048.v1.I.iter1.image.pbcor.tt0.rms.subim.fits
12,VLASS1.1.T03t20.J125619-313000,VLASS1.1,T03t20,J125619-313000,v1,https://archive-new.nrao.edu/vlass/quicklook/VLASS1.1/T03t20/VLASS1.1.ql.T03t20.J125619-313000.10.2048.v1/VLASS1.1.ql.T03t20.J125619-313000.10.2048.v1.I.iter1.image.pbcor.tt0.subim.fits,https://archive-new.nrao.edu/vlass/quicklook/VLASS1.1/T03t20/VLASS1.1.ql.T03t20.J125619-313000.10.2048.v1/VLASS1.1.ql.T03t20.J125619-313000.10.2048.v1.I.iter1.image.pbcor.tt0.rms.subim.fits
13,VLASS1.1.T03t25.J162509-293000,VLASS1.1,T03t25,J162509-293000,v1,https://archive-new.nrao.edu/vlass/quicklook/VLASS1.1/T03t25/VLASS1.1.ql.T03t25.J162509-293000.10.2048.v1/VLASS1.1.ql.T03t25.J162509-293000.10.2048.v1.I.iter1.image.pbcor.tt0.subim.fits,https://archive-new.nrao.edu/vlass/quicklook/VLASS1.1/T03t25/VLASS1.1.ql.T03t25.J162509-293000.10.2048.v1/VLASS1.1.ql.T03t25.J162509-293000.10.2048.v1.I.iter1.image.pbcor.tt0.rms.subim.fits
14,VLASS1.1.T03t25.J162524-303000,VLASS1.1,T03t25,J162524-303000,v1,https://archive-new.nrao.edu/vlass/quicklook/VLASS1.1/T03t25/VLASS1.1.ql.T03t25.J162524-303000.10.2048.v1/VLASS1.1.ql.T03t25.J162524-303000.10.2048.v1.I.iter1.image.pbcor.tt0.subim.fits,https://archive-new.nrao.edu/vlass/quicklook/VLASS1.1/T03t25/VLASS1.1.ql.T03t25.J162524-303000.10.2048.v1/VLASS1.1.ql.T03t25.J162524-303000.10.2048.v1.I.iter1.image.pbcor.tt0.rms.subim.fits
15,VLASS1.1.T03t27.J174454-283000,VLASS1.1,T03t27,J174454-283000,v1,https://archive-new.nrao.edu/vlass/quicklook/VLASS1.1/T03t27/VLASS1.1.ql.T03t27.J174454-283000.10.2048.v1/VLASS1.1.ql.T03t27.J174454-283000.10.2048.v1.I.iter1.image.pbcor.tt0.subim.fits,https://archive-new.nrao.edu/vlass/quicklook/VLASS1.1/T03t27/VLASS1.1.ql.T03t27.J174454-283000.10.2048.v1/VLASS1.1.ql.T03t27.J174454-283000.10.2048.v1.I.iter1.image.pbcor.tt0.rms.subim.fits
16,VLASS1.1.T03t27.J174926-283000,VLASS1.1,T03t27,J174926-283000,v1,https://archive-new.nrao.edu/vlass/quicklook/VLASS1.1/T03t27/VLASS1.1.ql.T03t27.J174926-283000.10.2048.v1/VLASS1.1.ql.T03t27.J174926-283000.10.2048.v1.I.iter1.image.pbcor.tt0.subim.fits,https://archive-new.nrao.edu/vlass/quicklook/VLASS1.1/T03t27/VLASS1.1.ql.T03t27.J174926-283000.10.2048.v1/VLASS1.1.ql.T03t27.J174926-283000.10.2048.v1.I.iter1.image.pbcor.tt0.rms.subim.fits
17,VLASS1.1.T03t30.J192217-293000,VLASS1.1,T03t30,J192217-293000,v1,https://archive-new.nrao.edu/vlass/quicklook/VLASS1.1/T03t30/VLASS1.1.ql.T03t30.J192217-293000.10.2048.v1/VLASS1.1.ql.T03t30.J192217-293000.10.2048.v1.I.iter1.image.pbcor.tt0.subim.fits,https://archive-new.nrao.edu/vlass/quicklook/VLASS1.1/T03t30/VLASS1.1.ql.T03t30.J192217-293000.10.2048.v1/VLASS1.1.ql.T03t30.J192217-293000.10.2048.v1.I.iter1.image.pbcor.tt0.rms.subim.fits
18,VLASS1.1.T03t30.J192651-293000,VLASS1.1,T03t30,J192651-293000,v1,https://archive-new.nrao.edu/vlass/quicklook/VLASS1.1/T03t30/VLASS1.1.ql.T03t30.J192651-293000.10.2048.v1/VLASS1.1.ql.T03t30.J192651-293000.10.2048.v1.I.iter1.image.pbcor.tt0.subim.fits,https://archive-new.nrao.edu/vlass/quicklook/VLASS1.1/T03t30/VLASS1.1.ql.T03t30.J192651-293000.10.2048.v1/VLASS1.1.ql.T03t30.J192651-293000.10.2048.v1.I.iter1.image.pbcor.tt0.rms.subim.fits
19,VLASS1.1.T03t35.J225551-283000,VLASS1.1,T03t35,J225551-283000,v1,https://archive-new.nrao.edu/vlass/quicklook/VLASS1.1/T03t35/VLASS1.1.ql.T03t35.J225551-283000.10.2048.v1/VLASS1.1.ql.T03t35.J225551-283000.10.2048.v1.I.iter1.image.pbcor.tt0.subim.fits,https://archive-new.nrao.edu/vlass/quicklook/VLASS1.1/T03t35/VLASS1.1.ql.T03t35.J225551-283000.10.2048.v1/VLASS1.1.ql.T03t35.J225551-283000.10.2048.v1.I.iter1.image.pbcor.tt0.rms.subim.fits
20,VLASS1.1.T03t35.J230023-283000,VLASS1.1,T03t35,J230023-283000,v1,https://archive-new.nrao.edu/vlass/quicklook/VLASS1.1/T03t35/VLASS1.1.ql.T03t35.J230023-283000.10.2048.v1/VLASS1.1.ql.T03t35.J230023-283000.10.2048.v1.I.iter1.image.pbcor.tt0.subim.fits,https://archive-new.nrao.edu/vlass/quicklook/VLASS1.1/T03t35/VLASS1.1.ql.T03t35.J230023-283000.10.2048.v1/VLASS1.1.ql.T03t35.J230023-283000.10.2048.v1.I.iter1.image.pbcor.tt0.rms.subim.fits
21,VLASS1.1.T04t14.J085951-253000,VLASS1.1,T04t14,J085951-253000,v1,https://archive-new.nrao.edu/vlass/quicklook/VLASS1.1/T04t14/VLASS1.1.ql.T04t14.J085951-253000.10.2048.v1/VLASS1.1.ql.T04t14.J085951-253000.10.2048.v1.I.iter1.image.pbcor.tt0.subim.fits,https://archive-new.nrao.edu/vlass/quicklook/VLASS1.1/T04t14/VLASS1.1.ql.T04t14.J085951-253000.10.2048.v1/VLASS1.1.ql.T04t14.J085951-253000.10.2048.v1.I.iter1.image.pbcor.tt0.rms.subim.fits
22,VLASS1.1.T04t14.J090416-253000,VLASS1.1,T04t14,J090416-253000,v1,https://archive-new.nrao.edu/vlass/quicklook/VLASS1.1/T04t14/VLASS1.1.ql.T04t14.J090416-253000.10.2048.v1/VLASS1.1.ql.T04t14.J090416-253000.10.2048.v1.I.iter1.image.pbcor.tt0.subim.fits,https://archive-new.nrao.edu/vlass/quicklook/VLASS1.1/T04t14/VLASS1.1.ql.T04t14.J090416-253000.10.2048.v1/VLASS1.1.ql.T04t14.J090416-253000.10.2048.v1.I.iter1.image.pbcor.tt0.rms.subim.fits
23,VLASS1.1.T04t35.J230012-273000,VLASS1.1,T04t35,J230012-273000,v1,https://archive-new.nrao.edu/vlass/quicklook/VLASS1.1/T04t35/VLASS1.1.ql.T04t35.J230012-273000.10.2048.v1/VLASS1.1.ql.T04t35.J230012-273000.10.2048.v1.I.iter1.image.pbcor.tt0.subim.fits,https://archive-new.nrao.edu/vlass/quicklook/VLASS1.1/T04t35/VLASS1.1.ql.T04t35.J230012-273000.10.2048.v1/VLASS1.1.ql.T04t35.J230012-273000.10.2048.v1.I.iter1.image.pbcor.tt0.rms.subim.fits
24,VLASS1.1.T05t02.J011625-213000,VLASS1.1,T05t02,J011625-213000,v1,https://archive-new.nrao.edu/vlass/quicklook/VLASS1.1/T05t02/VLASS1.1.ql.T05t02.J011625-213000.10.2048.v1/VLASS1.1.ql.T05t02.J011625-213000.10.2048.v1.I.iter1.image.pbcor.tt0.subim.fits,https://archive-new.nrao.edu/vlass/quicklook/VLASS1.1/T05t02/VLASS1.1.ql.T05t02.J011625-213000.10.2048.v1/VLASS1.1.ql.T05t02.J011625-213000.10.2048.v1.I.iter1.image.pbcor.tt0.rms.subim.fits
25,VLASS1.1.T05t08.J045512-233000,VLASS1.1,T05t08,J045512-233000,v1,https://archive-new.nrao.edu/vlass/quicklook/VLASS1.1/T05t08/VLASS1.1.ql.T05t08.J045512-233000.10.2048.v1/VLASS1.1.ql.T05t08.J045512-233000.10.2048.v1.I.iter1.image.pbcor.tt0.subim.fits,https://archive-new.nrao.edu/vlass/quicklook/VLASS1.1/T05t08/VLASS1.1.ql.T05t08.J045512-233000.10.2048.v1/VLASS1.1.ql.T05t08.J045512-233000.10.2048.v1.I.iter1.image.pbcor.tt0.rms.subim.fits
26,VLASS1.1.T05t08.J045933-233000,VLASS1.1,T05t08,J045933-233000,v1,https://archive-new.nrao.edu/vlass/quicklook/VLASS1.1/T05t08/VLASS1.1.ql.T05t08.J045933-233000.10.2048.v1/VLASS1.1.ql.T05t08.J045933-233000.10.2048.v1.I.iter1.image.pbcor.tt0.subim.fits,https://archive-new.nrao.edu/vlass/quicklook/VLASS1.1/T05t08/VLASS1.1.ql.T05t08.J045933-233000.10.2048.v1/VLASS1.1.ql.T05t08.J045933-233000.10.2048.v1.I.iter1.image.pbcor.tt0.rms.subim.fits
27,VLASS1.1.T06t24.J152204-163000,VLASS1.1,T06t24,J152204-163000,v1,https://archive-new.nrao.edu/vlass/quicklook/VLASS1.1/T06t24/VLASS1.1.ql.T06t24.J152204-163000.10.2048.v1/VLASS1.1.ql.T06t24.J152204-163000.10.2048.v1.I.iter1.image.pbcor.tt0.subim.fits,https://archive-new.nrao.edu/vlass/quicklook/VLASS1.1/T06t24/VLASS1.1.ql.T06t24.J152204-163000.10.2048.v1/VLASS1.1.ql.T06t24.J152204-163000.10.2048.v1.I.iter1.image.pbcor.tt0.rms.subim.fits
28,VLASS1.1.T06t24.J152614-163000,VLASS1.1,T06t24,J152614-163000,v1,https://archive-new.nrao.edu/vlass/quicklook/VLASS1.1/T06t24/VLASS1.1.ql.T06t24.J152614-163000.10.2048.v1/VLASS1.1.ql.T06t24.J152614-163000.10.2048.v1.I.iter1.image.pbcor.tt0.subim.fits,https://archive-new.nrao.edu/vlass/quicklook/VLASS1.1/T06t24/VLASS1.1.ql.T06t24.J152614-163000.10.2048.v1/VLASS1.1.ql.T06t24.J152614-163000.10.2048.v1.I.iter1.image.pbcor.tt0.rms.subim.fits
29,VLASS1.1.T06t24.J153024-163000,VLASS1.1,T06t24,J153024-163000,v1,https://archive-new.nrao.edu/vlass/quicklook/VLASS1.1/T06t24/VLASS1.1.ql.T06t24.J153024-163000.10.2048.v1/VLASS1.1.ql.T06t24.J153024-163000.10.2048.v1.I.iter1.image.pbcor.tt0.subim.fits,https://archive-new.nrao.edu/vlass/quicklook/VLASS1.1/T06t24/VLASS1.1.ql.T06t24.J153024-163000.10.2048.v1/VLASS1.1.ql.T06t24.J153024-163000.10.2048.v1.I.iter1.image.pbcor.tt0.rms.subim.fits
30,VLASS1.1.T06t24.J153433-163000,VLASS1.1,T06t24,J153433-163000,v1,https://archive-new.nrao.edu/vlass/quicklook/VLASS1.1/T06t24/VLASS1.1.ql.T06t24.J153433-163000.10.2048.v1/VLASS1.1.ql.T06t24.J153433-163000.10.2048.v1.I.iter1.image.pbcor.tt0.subim.fits,https://archive-new.nrao.edu/vlass/quicklook/VLASS1.1/T06t24/VLASS1.1.ql.T06t24.J153433-163000.10.2048.v1/VLASS1.1.ql.T06t24.J153433-163000.10.2048.v1.I.iter1.image.pbcor.tt0.rms.subim.fits
31,VLASS1.1.T06t24.J153843-163000,VLASS1.1,T06t24,J153843-163000,v1,https://archive-new.nrao.edu/vlass/quicklook/VLASS1.1/T06t24/VLASS1.1.ql.T06t24.J153843-163000.10.2048.v1/VLASS1.1.ql.T06t24.J153843-163000.10.2048.v1.I.iter1.image.pbcor.tt0.subim.fits,https://archive-new.nrao.edu/vlass/quicklook/VLASS1.1/T06t24/VLASS1.1.ql.T06t24.J153843-163000.10.2048.v1/VLASS1.1.ql.T06t24.J153843-163000.10.2048.v1.I.iter1.image.pbcor.tt0.rms.subim.fits
32,VLASS1.1.T06t24.J154253-163000,VLASS1.1,T06t24,J154253-163000,v1,https://archive-new.nrao.edu/vlass/quicklook/VLASS1.1/T06t24/VLASS1.1.ql.T06t24.J154253-163000.10.2048.v1/VLASS1.1.ql.T06t24.J154253-163000.10.2048.v1.I.iter1.image.pbcor.tt0.subim.fits,https://archive-new.nrao.edu/vlass/quicklook/VLASS1.1/T06t24/VLASS1.1.ql.T06t24.J154253-163000.10.2048.v1/VLASS1.1.ql.T06t24.J154253-163000.10.2048.v1.I.iter1.image.pbcor.tt0.rms.subim.fits
33,VLASS1.1.T06t24.J154702-163000,VLASS1.1,T06t24,J154702-163000,v1,https://archive-new.nrao.edu/vlass/quicklook/VLASS1.1/T06t24/VLASS1.1.ql.T06t24.J154702-163000.10.2048.v1/VLASS1.1.ql.T06t24.J154702-163000.10.2048.v1.I.iter1.image.pbcor.tt0.subim.fits,https://archive-new.nrao.edu/vlass/quicklook/VLASS1.1/T06t24/VLASS1.1.ql.T06t24.J154702-163000.10.2048.v1/VLASS1.1.ql.T06t24.J154702-163000.10.2048.v1.I.iter1.image.pbcor.tt0.rms.subim.fits
34,VLASS1.1.T06t24.J155112-163000,VLASS1.1,T06t24,J155112-163000,v1,https://archive-new.nrao.edu/vlass/quicklook/VLASS1.1/T06t24/VLASS1.1.ql.T06t24.J155112-163000.10.2048.v1/VLASS1.1.ql.T06t24.J155112-163000.10.2048.v1.I.iter1.image.pbcor.tt0.subim.fits,https://archive-new.nrao.edu/vlass/quicklook/VLASS1.1/T06t24/VLASS1.1.ql.T06t24.J155112-163000.10.2048.v1/VLASS1.1.ql.T06t24.J155112-163000.10.2048.v1.I.iter1.image.pbcor.tt0.rms.subim.fits
35,VLASS1.1.T06t24.J155522-163000,VLASS1.1,T06t24,J155522-163000,v1,https://archive-new.nrao.edu/vlass/quicklook/VLASS1.1/T06t24/VLASS1.1.ql.T06t24.J155522-163000.10.2048.v1/VLASS1.1.ql.T06t24.J155522-163000.10.2048.v1.I.iter1.image.pbcor.tt0.subim.fits,https://archive-new.nrao.edu/vlass/quicklook/VLASS1.1/T06t24/VLASS1.1.ql.T06t24.J155522-163000.10.2048.v1/VLASS1.1.ql.T06t24.J155522-163000.10.2048.v1.I.iter1.image.pbcor.tt0.rms.subim.fits
36,VLASS1.1.T06t24.J155843-163000,VLASS1.1,T06t24,J155843-163000,v1,https://archive-new.nrao.edu/vlass/quicklook/VLASS1.1/T06t24/VLASS1.1.ql.T06t24.J155843-163000.10.2048.v1/VLASS1.1.ql.T06t24.J155843-163000.10.2048.v1.I.iter1.image.pbcor.tt0.subim.fits,https://archive-new.nrao.edu/vlass/quicklook/VLASS1.1/T06t24/VLASS1.1.ql.T06t24.J155843-163000.10.2048.v1/VLASS1.1.ql.T06t24.J155843-163000.10.2048.v1.I.iter1.image.pbcor.tt0.rms.subim.fits
37,VLASS1.1.T07t10.J061021-153000,VLASS1.1,T07t10,J061021-153000,v1,https://archive-new.nrao.edu/vlass/quicklook/VLASS1.1/T07t10/VLASS1.1.ql.T07t10.J061021-153000.10.2048.v1/VLASS1.1.ql.T07t10.J061021-153000.10.2048.v1.I.iter1.image.pbcor.tt0.subim.fits,https://archive-new.nrao.edu/vlass/quicklook/VLASS1.1/T07t10/VLASS1.1.ql.T07t10.J061021-153000.10.2048.v1/VLASS1.1.ql.T07t10.J061021-153000.10.2048.v1.I.iter1.image.pbcor.tt0.rms.subim.fits
38,VLASS1.1.T07t18.J113018-143000,VLASS1.1,T07t18,J113018-143000,v1,https://archive-new.nrao.edu/vlass/quicklook/VLASS1.1/T07t18/VLASS1.1.ql.T07t18.J113018-143000.10.2048.v1/VLASS1.1.ql.T07t18.J113018-143000.10.2048.v1.I.iter1.image.pbcor.tt0.subim.fits,https://archive-new.nrao.edu/vlass/quicklook/VLASS1.1/T07t18/VLASS1.1.ql.T07t18.J113018-143000.10.2048.v1/VLASS1.1.ql.T07t18.J113018-143000.10.2048.v1.I.iter1.image.pbcor.tt0.rms.subim.fits
39,VLASS1.1.T07t33.J213013-123000,VLASS1.1,T07t33,J213013-123000,v1,https://archive-new.nrao.edu/vlass/quicklook/VLASS1.1/T07t33/VLASS1.1.ql.T07t33.J213013-123000.10.2048.v1/VLASS1.1.ql.T07t33.J213013-123000.10.2048.v1.I.iter1.image.pbcor.tt0.subim.fits,https://archive-new.nrao.edu/vlass/quicklook/VLASS1.1/T07t33/VLASS1.1.ql.T07t33.J213013-123000.10.2048.v1/VLASS1.1.ql.T07t33.J213013-123000.10.2048.v1.I.iter1.image.pbcor.tt0.rms.subim.fits
40,VLASS1.1.T07t33.J215833-143000,VLASS1.1,T07t33,J215833-143000,v1,https://archive-new.nrao.edu/vlass/quicklook/VLASS1.1/T07t33/VLASS1.1.ql.T07t33.J215833-143000.10.2048.v1/VLASS1.1.ql.T07t33.J215833-143000.10.2048.v1.I.iter1.image.pbcor.tt0.subim.fits,https://archive-new.nrao.edu/vlass/quicklook/VLASS1.1/T07t33/VLASS1.1.ql.T07t33.J215833-143000.10.2048.v1/VLASS1.1.ql.T07t33.J215833-143000.10.2048.v1.I.iter1.image.pbcor.tt0.rms.subim.fits
41,VLASS1.1.T08t09.J052202-113000,VLASS1.1,T08t09,J052202-113000,v2,https://archive-new.nrao.edu/vlass/quicklook/VLASS1.1/T08t09/VLASS1.1.ql.T08t09.J052202-113000.10.2048.v2/VLASS1.1.ql.T08t09.J052202-113000.10.2048.v2.I.iter1.image.pbcor.tt0.subim.fits,https://archive-new.nrao.edu/vlass/quicklook/VLASS1.1/T08t09/VLASS1.1.ql.T08t09.J052202-113000.10.2048.v2/VLASS1.1.ql.T08t09.J052202-113000.10.2048.v2.I.iter1.image.pbcor.tt0.rms.subim.fits
42,VLASS1.1.T08t12.J073011-113000,VLASS1.1,T08t12,J073011-113000,v1,https://archive-new.nrao.edu/vlass/quicklook/VLASS1.1/T08t12/VLASS1.1.ql.T08t12.J073011-113000.10.2048.v1/VLASS1.1.ql.T08t12.J073011-113000.10.2048.v1.I.iter1.image.pbcor.tt0.subim.fits,https://archive-new.nrao.edu/vlass/quicklook/VLASS1.1/T08t12/VLASS1.1.ql.T08t12.J073011-113000.10.2048.v1/VLASS1.1.ql.T08t12.J073011-113000.10.2048.v1.I.iter1.image.pbcor.tt0.rms.subim.fits
43,VLASS1.1.T08t23.J151022-093000,VLASS1.1,T08t23,J151022-093000,v1,https://archive-new.nrao.edu/vlass/quicklook/VLASS1.1/T08t23/VLASS1.1.ql.T08t23.J151022-093000.10.2048.v1/VLASS1.1.ql.T08t23.J151022-093000.10.2048.v1.I.iter1.image.pbcor.tt0.subim.fits,https://archive-new.nrao.edu/vlass/quicklook/VLASS1.1/T08t23/VLASS1.1.ql.T08t23.J151022-093000.10.2048.v1/VLASS1.1.ql.T08t23.J151022-093000.10.2048.v1.I.iter1.image.pbcor.tt0.rms.subim.fits
44,VLASS1.1.T08t33.J213011-113000,VLASS1.1,T08t33,J213011-113000,v1,https://archive-new.nrao.edu/vlass/quicklook/VLASS1.1/T08t33/VLASS1.1.ql.T08t33.J213011-113000.10.2048.v1/VLASS1.1.ql.T08t33.J213011-113000.10.2048.v1.I.iter1.image.pbcor.tt0.subim.fits,https://archive-new.nrao.edu/vlass/quicklook/VLASS1.1/T08t33/VLASS1.1.ql.T08t33.J213011-113000.10.2048.v1/VLASS1.1.ql.T08t33.J213011-113000.10.2048.v1.I.iter1.image.pbcor.tt0.rms.subim.fits
45,VLASS1.1.T09t09.J053403-053000,VLASS1.1,T09t09,J053403-053000,v1,https://archive-new.nrao.edu/vlass/quicklook/VLASS1.1/T09t09/VLASS1.1.ql.T09t09.J053403-053000.10.2048.v1/VLASS1.1.ql.T09t09.J053403-053000.10.2048.v1.I.iter1.image.pbcor.tt0.subim.fits,https://archive-new.nrao.edu/vlass/quicklook/VLASS1.1/T09t09/VLASS1.1.ql.T09t09.J053403-053000.10.2048.v1/VLASS1.1.ql.T09t09.J053403-053000.10.2048.v1.I.iter1.image.pbcor.tt0.rms.subim.fits
46,VLASS1.1.T09t10.J062605-053000,VLASS1.1,T09t10,J062605-053000,v1,https://archive-new.nrao.edu/vlass/quicklook/VLASS1.1/T09t10/VLASS1.1.ql.T09t10.J062605-053000.10.2048.v1/VLASS1.1.ql.T09t10.J062605-053000.10.2048.v1.I.iter1.image.pbcor.tt0.subim.fits,https://archive-new.nrao.edu/vlass/quicklook/VLASS1.1/T09t10/VLASS1.1.ql.T09t10.J062605-053000.10.2048.v1/VLASS1.1.ql.T09t10.J062605-053000.10.2048.v1.I.iter1.image.pbcor.tt0.rms.subim.fits
47,VLASS1.1.T09t10.J062608-063000,VLASS1.1,T09t10,J062608-063000,v1,https://archive-new.nrao.edu/vlass/quicklook/VLASS1.1/T09t10/VLASS1.1.ql.T09t10.J062608-063000.10.2048.v1/VLASS1.1.ql.T09t10.J062608-063000.10.2048.v1.I.iter1.image.pbcor.tt0.subim.fits,https://archive-new.nrao.edu/vlass/quicklook/VLASS1.1/T09t10/VLASS1.1.ql.T09t10.J062608-063000.10.2048.v1/VLASS1.1.ql.T09t10.J062608-063000.10.2048.v1.I.iter1.image.pbcor.tt0.rms.subim.fits
48,VLASS1.1.T09t12.J074207-063000,VLASS1.1,T09t12,J074207-063000,v1,https://archive-new.nrao.edu/vlass/quicklook/VLASS1.1/T09t12/VLASS1.1.ql.T09t12.J074207-063000.10.2048.v1/VLASS1.1.ql.T09t12.J074207-063000.10.2048.v1.I.iter1.image.pbcor.tt0.subim.fits,https://archive-new.nrao.edu/vlass/quicklook/VLASS1.1/T09t12/VLASS1.1.ql.T09t12.J074207-063000.10.2048.v1/VLASS1.1.ql.T09t12.J074207-063000.10.2048.v1.I.iter1.image.pbcor.tt0.rms.subim.fits
49,VLASS1.1.T09t12.J074608-063000,VLASS1.1,T09t12,J074608-063000,v1,https://archive-new.nrao.edu/vlass/quicklook/VLASS1.1/T09t12/VLASS1.1.ql.T09t12.J074608-063000.10.2048.v1/VLASS1.1.ql.T09t12.J074608-063000.10.2048.v1.I.iter1.image.pbcor.tt0.subim.fits,https://archive-new.nrao.edu/vlass/quicklook/VLASS1.1/T09t12/VLASS1.1.ql.T09t12.J074608-063000.10.2048.v1/VLASS1.1.ql.T09t12.J074608-063000.10.2048.v1.I.iter1.image.pbcor.tt0.rms.subim.fits
50,VLASS1.1.T09t34.J222603-043000,VLASS1.1,T09t34,J222603-043000,v1,https://archive-new.nrao.edu/vlass/quicklook/VLASS1.1/T09t34/VLASS1.1.ql.T09t34.J222603-043000.10.2048.v1/VLASS1.1.ql.T09t34.J222603-043000.10.2048.v1.I.iter1.image.pbcor.tt0.subim.fits,https://archive-new.nrao.edu/vlass/quicklook/VLASS1.1/T09t34/VLASS1.1.ql.T09t34.J222603-043000.10.2048.v1/VLASS1.1.ql.T09t34.J222603-043000.10.2048.v1.I.iter1.image.pbcor.tt0.rms.subim.fits
51,VLASS1.1.T09t34.J222605-053000,VLASS1.1,T09t34,J222605-053000,v1,https://archive-new.nrao.edu/vlass/quicklook/VLASS1.1/T09t34/VLASS1.1.ql.T09t34.J222605-053000.10.2048.v1/VLASS1.1.ql.T09t34.J222605-053000.10.2048.v1.I.iter1.image.pbcor.tt0.subim.fits,https://archive-new.nrao.edu/vlass/quicklook/VLASS1.1/T09t34/VLASS1.1.ql.T09t34.J222605-053000.10.2048.v1/VLASS1.1.ql.T09t34.J222605-053000.10.2048.v1.I.iter1.image.pbcor.tt0.rms.subim.fits
52,VLASS1.1.T10t01.J000600-003000,VLASS1.1,T10t01,J000600-003000,v1,https://archive-new.nrao.edu/vlass/quicklook/VLASS1.1/T10t01/VLASS1.1.ql.T10t01.J000600-003000.10.2048.v1/VLASS1.1.ql.T10t01.J000600-003000.10.2048.v1.I.iter1.image.pbcor.tt0.subim.fits,https://archive-new.nrao.edu/vlass/quicklook/VLASS1.1/T10t01/VLASS1.1.ql.T10t01.J000600-003000.10.2048.v1/VLASS1.1.ql.T10t01.J000600-003000.10.2048.v1.I.iter1.image.pbcor.tt0.rms.subim.fits
53,VLASS1.1.T10t06.J032600-013000,VLASS1.1,T10t06,J032600-013000,v1,https://archive-new.nrao.edu/vlass/quicklook/VLASS1.1/T10t06/VLASS1.1.ql.T10t06.J032600-013000.10.2048.v1/VLASS1.1.ql.T10t06.J032600-013000.10.2048.v1.I.iter1.image.pbcor.tt0.subim.fits,https://archive-new.nrao.edu/vlass/quicklook/VLASS1.1/T10t06/VLASS1.1.ql.T10t06.J032600-013000.10.2048.v1/VLASS1.1.ql.T10t06.J032600-013000.10.2048.v1.I.iter1.image.pbcor.tt0.rms.subim.fits
54,VLASS1.1.T10t06.J033000-013000,VLASS1.1,T10t06,J033000-013000,v1,https://archive-new.nrao.edu/vlass/quicklook/VLASS1.1/T10t06/VLASS1.1.ql.T10t06.J033000-013000.10.2048.v1/VLASS1.1.ql.T10t06.J033000-013000.10.2048.v1.I.iter1.image.pbcor.tt0.subim.fits,https://archive-new.nrao.edu/vlass/quicklook/VLASS1.1/T10t06/VLASS1.1.ql.T10t06.J033000-013000.10.2048.v1/VLASS1.1.ql.T10t06.J033000-013000.10.2048.v1.I.iter1.image.pbcor.tt0.rms.subim.fits
55,VLASS1.1.T10t06.J034200-013000,VLASS1.1,T10t06,J034200-013000,v1,https://archive-new.nrao.edu/vlass/quicklook/VLASS1.1/T10t06/VLASS1.1.ql.T10t06.J034200-013000.10.2048.v1/VLASS1.1.ql.T10t06.J034200-013000.10.2048.v1.I.iter1.image.pbcor.tt0.subim.fits,https://archive-new.nrao.edu/vlass/quicklook/VLASS1.1/T10t06/VLASS1.1.ql.T10t06.J034200-013000.10.2048.v1/VLASS1.1.ql.T10t06.J034200-013000.10.2048.v1.I.iter1.image.pbcor.tt0.rms.subim.fits
56,VLASS1.1.T10t08.J044200-003000,VLASS1.1,T10t08,J044200-003000,v1,https://archive-new.nrao.edu/vlass/quicklook/VLASS1.1/T10t08/VLASS1.1.ql.T10t08.J044200-003000.10.2048.v1/VLASS1.1.ql.T10t08.J044200-003000.10.2048.v1.I.iter1.image.pbcor.tt0.subim.fits,https://archive-new.nrao.edu/vlass/quicklook/VLASS1.1/T10t08/VLASS1.1.ql.T10t08.J044200-003000.10.2048.v1/VLASS1.1.ql.T10t08.J044200-003000.10.2048.v1.I.iter1.image.pbcor.tt0.rms.subim.fits
57,VLASS1.1.T10t08.J051401-023000,VLASS1.1,T10t08,J051401-023000,v1,https://archive-new.nrao.edu/vlass/quicklook/VLASS1.1/T10t08/VLASS1.1.ql.T10t08.J051401-023000.10.2048.v1/VLASS1.1.ql.T10t08.J051401-023000.10.2048.v1.I.iter1.image.pbcor.tt0.subim.fits,https://archive-new.nrao.edu/vlass/quicklook/VLASS1.1/T10t08/VLASS1.1.ql.T10t08.J051401-023000.10.2048.v1/VLASS1.1.ql.T10t08.J051401-023000.10.2048.v1.I.iter1.image.pbcor.tt0.rms.subim.fits
58,VLASS1.1.T10t08.J051800-023000,VLASS1.1,T10t08,J051800-023000,v1,https://archive-new.nrao.edu/vlass/quicklook/VLASS1.1/T10t08/VLASS1.1.ql.T10t08.J051800-023000.10.2048.v1/VLASS1.1.ql.T10t08.J051800-023000.10.2048.v1.I.iter1.image.pbcor.tt0.subim.fits,https://archive-new.nrao.edu/vlass/quicklook/VLASS1.1/T10t08/VLASS1.1.ql.T10t08.J051800-023000.10.2048.v1/VLASS1.1.ql.T10t08.J051800-023000.10.2048.v1.I.iter1.image.pbcor.tt0.rms.subim.fits
59,VLASS1.1.T10t12.J072600-003000,VLASS1.1,T10t12,J072600-003000,v1,https://archive-new.nrao.edu/vlass/quicklook/VLASS1.1/T10t12/VLASS1.1.ql.T10t12.J072600-003000.10.2048.v1/VLASS1.1.ql.T10t12.J072600-003000.10.2048.v1.I.iter1.image.pbcor.tt0.subim.fits,https://archive-new.nrao.edu/vlass/quicklook/VLASS1.1/T10t12/VLASS1.1.ql.T10t12.J072600-003000.10.2048.v1/VLASS1.1.ql.T10t12.J072600-003000.10.2048.v1.I.iter1.image.pbcor.tt0.rms.subim.fits
60,VLASS1.1.T10t12.J072600-013000,VLASS1.1,T10t12,J072600-013000,v1,https://archive-new.nrao.edu/vlass/quicklook/VLASS1.1/T10t12/VLASS1.1.ql.T10t12.J072600-013000.10.2048.v1/VLASS1.1.ql.T10t12.J072600-013000.10.2048.v1.I.iter1.image.pbcor.tt0.subim.fits,https://archive-new.nrao.edu/vlass/quicklook/VLASS1.1/T10t12/VLASS1.1.ql.T10t12.J072600-013000.10.2048.v1/VLASS1.1.ql.T10t12.J072600-013000.10.2048.v1.I.iter1.image.pbcor.tt0.rms.subim.fits
61,VLASS1.1.T10t12.J075402-033000,VLASS1.1,T10t12,J075402-033000,v1,https://archive-new.nrao.edu/vlass/quicklook/VLASS1.1/T10t12/VLASS1.1.ql.T10t12.J075402-033000.10.2048.v1/VLASS1.1.ql.T10t12.J075402-033000.10.2048.v1.I.iter1.image.pbcor.tt0.subim.fits,https://archive-new.nrao.edu/vlass/quicklook/VLASS1.1/T10t12/VLASS1.1.ql.T10t12.J075402-033000.10.2048.v1/VLASS1.1.ql.T10t12.J075402-033000.10.2048.v1.I.iter1.image.pbcor.tt0.rms.subim.fits
62,VLASS1.1.T10t12.J075801-033000,VLASS1.1,T10t12,J075801-033000,v1,https://archive-new.nrao.edu/vlass/quicklook/VLASS1.1/T10t12/VLASS1.1.ql.T10t12.J075801-033000.10.2048.v1/VLASS1.1.ql.T10t12.J075801-033000.10.2048.v1.I.iter1.image.pbcor.tt0.subim.fits,https://archive-new.nrao.edu/vlass/quicklook/VLASS1.1/T10t12/VLASS1.1.ql.T10t12.J075801-033000.10.2048.v1/VLASS1.1.ql.T10t12.J075801-033000.10.2048.v1.I.iter1.image.pbcor.tt0.rms.subim.fits
63,VLASS1.1.T10t15.J095402-033000,VLASS1.1,T10t15,J095402-033000,v2,https://archive-new.nrao.edu/vlass/quicklook/VLASS1.1/T10t15/VLASS1.1.ql.T10t15.J095402-033000.10.2048.v2/VLASS1.1.ql.T10t15.J095402-033000.10.2048.v2.I.iter1.image.pbcor.tt0.subim.fits,https://archive-new.nrao.edu/vlass/quicklook/VLASS1.1/T10t15/VLASS1.1.ql.T10t15.J095402-033000.10.2048.v2/VLASS1.1.ql.T10t15.J095402-033000.10.2048.v2.I.iter1.image.pbcor.tt0.rms.subim.fits
64,VLASS1.1.T10t15.J095801-033000,VLASS1.1,T10t15,J095801-033000,v2,https://archive-new.nrao.edu/vlass/quicklook/VLASS1.1/T10t15/VLASS1.1.ql.T10t15.J095801-033000.10.2048.v2/VLASS1.1.ql.T10t15.J095801-033000.10.2048.v2.I.iter1.image.pbcor.tt0.subim.fits,https://archive-new.nrao.edu/vlass/quicklook/VLASS1.1/T10t15/VLASS1.1.ql.T10t15.J095801-033000.10.2048.v2/VLASS1.1.ql.T10t15.J095801-033000.10.2048.v2.I.iter1.image.pbcor.tt0.rms.subim.fits
65,VLASS1.1.T10t28.J181801-033000,VLASS1.1,T10t28,J181801-033000,v1,https://archive-new.nrao.edu/vlass/quicklook/VLASS1.1/T10t28/VLASS1.1.ql.T10t28.J181801-033000.10.2048.v1/VLASS1.1.ql.T10t28.J181801-033000.10.2048.v1.I.iter1.image.pbcor.tt0.subim.fits,https://archive-new.nrao.edu/vlass/quicklook/VLASS1.1/T10t28/VLASS1.1.ql.T10t28.J181801-033000.10.2048.v1/VLASS1.1.ql.T10t28.J181801-033000.10.2048.v1.I.iter1.image.pbcor.tt0.rms.subim.fits
66,VLASS1.1.T10t28.J182201-033000,VLASS1.1,T10t28,J182201-033000,v1,https://archive-new.nrao.edu/vlass/quicklook/VLASS1.1/T10t28/VLASS1.1.ql.T10t28.J182201-033000.10.2048.v1/VLASS1.1.ql.T10t28.J182201-033000.10.2048.v1.I.iter1.image.pbcor.tt0.subim.fits,https://archive-new.nrao.edu/vlass/quicklook/VLASS1.1/T10t28/VLASS1.1.ql.T10t28.J182201-033000.10.2048.v1/VLASS1.1.ql.T10t28.J182201-033000.10.2048.v1.I.iter1.image.pbcor.tt0.rms.subim.fits
67,VLASS1.1.T10t29.J184600-023000,VLASS1.1,T10t29,J184600-023000,v1,https://archive-new.nrao.edu/vlass/quicklook/VLASS1.1/T10t29/VLASS1.1.ql.T10t29.J184600-023000.10.2048.v1/VLASS1.1.ql.T10t29.J184600-023000.10.2048.v1.I.iter1.image.pbcor.tt0.subim.fits,https://archive-new.nrao.edu/vlass/quicklook/VLASS1.1/T10t29/VLASS1.1.ql.T10t29.J184600-023000.10.2048.v1/VLASS1.1.ql.T10t29.J184600-023000.10.2048.v1.I.iter1.image.pbcor.tt0.rms.subim.fits
68,VLASS1.1.T10t34.J220600-033000,VLASS1.1,T10t34,J220600-033000,v1,https://archive-new.nrao.edu/vlass/quicklook/VLASS1.1/T10t34/VLASS1.1.ql.T10t34.J220600-033000.10.2048.v1/VLASS1.1.ql.T10t34.J220600-033000.10.2048.v1.I.iter1.image.pbcor.tt0.subim.fits,https://archive-new.nrao.edu/vlass/quicklook/VLASS1.1/T10t34/VLASS1.1.ql.T10t34.J220600-033000.10.2048.v1/VLASS1.1.ql.T10t34.J220600-033000.10.2048.v1.I.iter1.image.pbcor.tt0.rms.subim.fits
69,VLASS1.1.T11t01.J000600+003000,VLASS1.1,T11t01,J000600+003000,v1,https://archive-new.nrao.edu/vlass/quicklook/VLASS1.1/T11t01/VLASS1.1.ql.T11t01.J000600+003000.10.2048.v1/VLASS1.1.ql.T11t01.J000600+003000.10.2048.v1.I.iter1.image.pbcor.tt0.subim.fits,https://archive-new.nrao.edu/vlass/quicklook/VLASS1.1/T11t01/VLASS1.1.ql.T11t01.J000600+003000.10.2048.v1/VLASS1.1.ql.T11t01.J000600+003000.10.2048.v1.I.iter1.image.pbcor.tt0.rms.subim.fits
70,VLASS1.1.T11t02.J005800+003000,VLASS1.1,T11t02,J005800+003000,v1,https://archive-new.nrao.edu/vlass/quicklook/VLASS1.1/T11t02/VLASS1.1.ql.T11t02.J005800+003000.10.2048.v1/VLASS1.1.ql.T11t02.J005800+003000.10.2048.v1.I.iter1.image.pbcor.tt0.subim.fits,https://archive-new.nrao.edu/vlass/quicklook/VLASS1.1/T11t02/VLASS1.1.ql.T11t02.J005800+003000.10.2048.v1/VLASS1.1.ql.T11t02.J005800+003000.10.2048.v1.I.iter1.image.pbcor.tt0.rms.subim.fits
71,VLASS1.1.T11t02.J011000+013000,VLASS1.1,T11t02,J011000+013000,v1,https://archive-new.nrao.edu/vlass/quicklook/VLASS1.1/T11t02/VLASS1.1.ql.T11t02.J011000+013000.10.2048.v1/VLASS1.1.ql.T11t02.J011000+013000.10.2048.v1.I.iter1.image.pbcor.tt0.subim.fits,https://archive-new.nrao.edu/vlass/quicklook/VLASS1.1/T11t02/VLASS1.1.ql.T11t02.J011000+013000.10.2048.v1/VLASS1.1.ql.T11t02.J011000+013000.10.2048.v1.I.iter1.image.pbcor.tt0.rms.subim.fits
72,VLASS1.1.T11t03.J012600+003000,VLASS1.1,T11t03,J012600+003000,v1,https://archive-new.nrao.edu/vlass/quicklook/VLASS1.1/T11t03/VLASS1.1.ql.T11t03.J012600+003000.10.2048.v1/VLASS1.1.ql.T11t03.J012600+003000.10.2048.v1.I.iter1.image.pbcor.tt0.subim.fits,https://archive-new.nrao.edu/vlass/quicklook/VLASS1.1/T11t03/VLASS1.1.ql.T11t03.J012600+003000.10.2048.v1/VLASS1.1.ql.T11t03.J012600+003000.10.2048.v1.I.iter1.image.pbcor.tt0.rms.subim.fits
73,VLASS1.1.T11t08.J050600+023000,VLASS1.1,T11t08,J050600+023000,v1,https://archive-new.nrao.edu/vlass/quicklook/VLASS1.1/T11t08/VLASS1.1.ql.T11t08.J050600+023000.10.2048.v1/VLASS1.1.ql.T11t08.J050600+023000.10.2048.v1.I.iter1.image.pbcor.tt0.subim.fits,https://archive-new.nrao.edu/vlass/quicklook/VLASS1.1/T11t08/VLASS1.1.ql.T11t08.J050600+023000.10.2048.v1/VLASS1.1.ql.T11t08.J050600+023000.10.2048.v1.I.iter1.image.pbcor.tt0.rms.subim.fits
74,VLASS1.1.T11t17.J105800+013000,VLASS1.1,T11t17,J105800+013000,v1,https://archive-new.nrao.edu/vlass/quicklook/VLASS1.1/T11t17/VLASS1.1.ql.T11t17.J105800+013000.10.2048.v1/VLASS1.1.ql.T11t17.J105800+013000.10.2048.v1.I.iter1.image.pbcor.tt0.subim.fits,https://archive-new.nrao.edu/vlass/quicklook/VLASS1.1/T11t17/VLASS1.1.ql.T11t17.J105800+013000.10.2048.v1/VLASS1.1.ql.T11t17.J105800+013000.10.2048.v1.I.iter1.image.pbcor.tt0.rms.subim.fits
75,VLASS1.1.T11t33.J213400+003000,VLASS1.1,T11t33,J213400+003000,v1,https://archive-new.nrao.edu/vlass/quicklook/VLASS1.1/T11t33/VLASS1.1.ql.T11t33.J213400+003000.10.2048.v1/VLASS1.1.ql.T11t33.J213400+003000.10.2048.v1.I.iter1.image.pbcor.tt0.subim.fits,https://archive-new.nrao.edu/vlass/quicklook/VLASS1.1/T11t33/VLASS1.1.ql.T11t33.J213400+003000.10.2048.v1/VLASS1.1.ql.T11t33.J213400+003000.10.2048.v1.I.iter1.image.pbcor.tt0.rms.subim.fits
76,VLASS1.1.T11t33.J213800+003000,VLASS1.1,T11t33,J213800+003000,v1,https://archive-new.nrao.edu/vlass/quicklook/VLASS1.1/T11t33/VLASS1.1.ql.T11t33.J213800+003000.10.2048.v1/VLASS1.1.ql.T11t33.J213800+003000.10.2048.v1.I.iter1.image.pbcor.tt0.subim.fits,https://archive-new.nrao.edu/vlass/quicklook/VLASS1.1/T11t33/VLASS1.1.ql.T11t33.J213800+003000.10.2048.v1/VLASS1.1.ql.T11t33.J213800+003000.10.2048.v1.I.iter1.image.pbcor.tt0.rms.subim.fits
77,VLASS1.1.T11t35.J231801+033000,VLASS1.1,T11t35,J231801+033000,v1,https://archive-new.nrao.edu/vlass/quicklook/VLASS1.1/T11t35/VLASS1.1.ql.T11t35.J231801+033000.10.2048.v1/VLASS1.1.ql.T11t35.J231801+033000.10.2048.v1.I.iter1.image.pbcor.tt0.subim.fits,https://archive-new.nrao.edu/vlass/quicklook/VLASS1.1/T11t35/VLASS1.1.ql.T11t35.J231801+033000.10.2048.v1/VLASS1.1.ql.T11t35.J231801+033000.10.2048.v1.I.iter1.image.pbcor.tt0.rms.subim.fits
78,VLASS1.1.T12t33.J213001+043000,VLASS1.1,T12t33,J213001+043000,v1,https://archive-new.nrao.edu/vlass/quicklook/VLASS1.1/T12t33/VLASS1.1.ql.T12t33.J213001+043000.10.2048.v1/VLASS1.1.ql.T12t33.J213001+043000.10.2048.v1.I.iter1.image.pbcor.tt0.subim.fits,https://archive-new.nrao.edu/vlass/quicklook/VLASS1.1/T12t33/VLASS1.1.ql.T12t33.J213001+043000.10.2048.v1/VLASS1.1.ql.T12t33.J213001+043000.10.2048.v1.I.iter1.image.pbcor.tt0.rms.subim.fits
79,VLASS1.1.T12t33.J213002+053000,VLASS1.1,T12t33,J213002+053000,v1,https://archive-new.nrao.edu/vlass/quicklook/VLASS1.1/T12t33/VLASS1.1.ql.T12t33.J213002+053000.10.2048.v1/VLASS1.1.ql.T12t33.J213002+053000.10.2048.v1.I.iter1.image.pbcor.tt0.subim.fits,https://archive-new.nrao.edu/vlass/quicklook/VLASS1.1/T12t33/VLASS1.1.ql.T12t33.J213002+053000.10.2048.v1/VLASS1.1.ql.T12t33.J213002+053000.10.2048.v1.I.iter1.image.pbcor.tt0.rms.subim.fits
80,VLASS1.1.T12t33.J214608+063000,VLASS1.1,T12t33,J214608+063000,v1,https://archive-new.nrao.edu/vlass/quicklook/VLASS1.1/T12t33/VLASS1.1.ql.T12t33.J214608+063000.10.2048.v1/VLASS1.1.ql.T12t33.J214608+063000.10.2048.v1.I.iter1.image.pbcor.tt0.subim.fits,https://archive-new.nrao.edu/vlass/quicklook/VLASS1.1/T12t33/VLASS1.1.ql.T12t33.J214608+063000.10.2048.v1/VLASS1.1.ql.T12t33.J214608+063000.10.2048.v1.I.iter1.image.pbcor.tt0.rms.subim.fits
81,VLASS1.1.T12t33.J214611+073000,VLASS1.1,T12t33,J214611+073000,v1,https://archive-new.nrao.edu/vlass/quicklook/VLASS1.1/T12t33/VLASS1.1.ql.T12t33.J214611+073000.10.2048.v1/VLASS1.1.ql.T12t33.J214611+073000.10.2048.v1.I.iter1.image.pbcor.tt0.subim.fits,https://archive-new.nrao.edu/vlass/quicklook/VLASS1.1/T12t33/VLASS1.1.ql.T12t33.J214611+073000.10.2048.v1/VLASS1.1.ql.T12t33.J214611+073000.10.2048.v1.I.iter1.image.pbcor.tt0.rms.subim.fits
82,VLASS1.1.T12t33.J215009+063000,VLASS1.1,T12t33,J215009+063000,v1,https://archive-new.nrao.edu/vlass/quicklook/VLASS1.1/T12t33/VLASS1.1.ql.T12t33.J215009+063000.10.2048.v1/VLASS1.1.ql.T12t33.J215009+063000.10.2048.v1.I.iter1.image.pbcor.tt0.subim.fits,https://archive-new.nrao.edu/vlass/quicklook/VLASS1.1/T12t33/VLASS1.1.ql.T12t33.J215009+063000.10.2048.v1/VLASS1.1.ql.T12t33.J215009+063000.10.2048.v1.I.iter1.image.pbcor.tt0.rms.subim.fits
83,VLASS1.1.T12t33.J215013+073000,VLASS1.1,T12t33,J215013+073000,v1,https://archive-new.nrao.edu/vlass/quicklook/VLASS1.1/T12t33/VLASS1.1.ql.T12t33.J215013+073000.10.2048.v1/VLASS1.1.ql.T12t33.J215013+073000.10.2048.v1.I.iter1.image.pbcor.tt0.subim.fits,https://archive-new.nrao.edu/vlass/quicklook/VLASS1.1/T12t33/VLASS1.1.ql.T12t33.J215013+073000.10.2048.v1/VLASS1.1.ql.T12t33.J215013+073000.10.2048.v1.I.iter1.image.pbcor.tt0.rms.subim.fits
84,VLASS1.1.T13t03.J012202+113000,VLASS1.1,T13t03,J012202+113000,v1,https://archive-new.nrao.edu/vlass/quicklook/VLASS1.1/T13t03/VLASS1.1.ql.T13t03.J012202+113000.10.2048.v1/VLASS1.1.ql.T13t03.J012202+113000.10.2048.v1.I.iter1.image.pbcor.tt0.subim.fits,https://archive-new.nrao.edu/vlass/quicklook/VLASS1.1/T13t03/VLASS1.1.ql.T13t03.J012202+113000.10.2048.v1/VLASS1.1.ql.T13t03.J012202+113000.10.2048.v1.I.iter1.image.pbcor.tt0.rms.subim.fits
85,VLASS1.1.T13t12.J074624+103000,VLASS1.1,T13t12,J074624+103000,v1,https://archive-new.nrao.edu/vlass/quicklook/VLASS1.1/T13t12/VLASS1.1.ql.T13t12.J074624+103000.10.2048.v1/VLASS1.1.ql.T13t12.J074624+103000.10.2048.v1.I.iter1.image.pbcor.tt0.subim.fits,https://archive-new.nrao.edu/vlass/quicklook/VLASS1.1/T13t12/VLASS1.1.ql.T13t12.J074624+103000.10.2048.v1/VLASS1.1.ql.T13t12.J074624+103000.10.2048.v1.I.iter1.image.pbcor.tt0.rms.subim.fits
86,VLASS1.1.T13t34.J223033+113000,VLASS1.1,T13t34,J223033+113000,v1,https://archive-new.nrao.edu/vlass/quicklook/VLASS1.1/T13t34/VLASS1.1.ql.T13t34.J223033+113000.10.2048.v1/VLASS1.1.ql.T13t34.J223033+113000.10.2048.v1.I.iter1.image.pbcor.tt0.subim.fits,https://archive-new.nrao.edu/vlass/quicklook/VLASS1.1/T13t34/VLASS1.1.ql.T13t34.J223033+113000.10.2048.v1/VLASS1.1.ql.T13t34.J223033+113000.10.2048.v1.I.iter1.image.pbcor.tt0.rms.subim.fits
87,VLASS1.1.T13t34.J223438+113000,VLASS1.1,T13t34,J223438+113000,v1,https://archive-new.nrao.edu/vlass/quicklook/VLASS1.1/T13t34/VLASS1.1.ql.T13t34.J223438+113000.10.2048.v1/VLASS1.1.ql.T13t34.J223438+113000.10.2048.v1.I.iter1.image.pbcor.tt0.subim.fits,https://archive-new.nrao.edu/vlass/quicklook/VLASS1.1/T13t34/VLASS1.1.ql.T13t34.J223438+113000.10.2048.v1/VLASS1.1.ql.T13t34.J223438+113000.10.2048.v1.I.iter1.image.pbcor.tt0.rms.subim.fits
88,VLASS1.1.T14t04.J023047+133000,VLASS1.1,T14t04,J023047+133000,v1,https://archive-new.nrao.edu/vlass/quicklook/VLASS1.1/T14t04/VLASS1.1.ql.T14t04.J023047+133000.10.2048.v1/VLASS1.1.ql.T14t04.J023047+133000.10.2048.v1.I.iter1.image.pbcor.tt0.subim.fits,https://archive-new.nrao.edu/vlass/quicklook/VLASS1.1/T14t04/VLASS1.1.ql.T14t04.J023047+133000.10.2048.v1/VLASS1.1.ql.T14t04.J023047+133000.10.2048.v1.I.iter1.image.pbcor.tt0.rms.subim.fits
89,VLASS1.1.T14t35.J225429+153000,VLASS1.1,T14t35,J225429+153000,v1,https://archive-new.nrao.edu/vlass/quicklook/VLASS1.1/T14t35/VLASS1.1.ql.T14t35.J225429+153000.10.2048.v1/VLASS1.1.ql.T14t35.J225429+153000.10.2048.v1.I.iter1.image.pbcor.tt0.subim.fits,https://archive-new.nrao.edu/vlass/quicklook/VLASS1.1/T14t35/VLASS1.1.ql.T14t35.J225429+153000.10.2048.v1/VLASS1.1.ql.T14t35.J225429+153000.10.2048.v1.I.iter1.image.pbcor.tt0.rms.subim.fits
90,VLASS1.1.T17t19.J133212+253000,VLASS1.1,T17t19,J133212+253000,v1,https://archive-new.nrao.edu/vlass/quicklook/VLASS1.1/T17t19/VLASS1.1.ql.T17t19.J133212+253000.10.2048.v1/VLASS1.1.ql.T17t19.J133212+253000.10.2048.v1.I.iter1.image.pbcor.tt0.subim.fits,https://archive-new.nrao.edu/vlass/quicklook/VLASS1.1/T17t19/VLASS1.1.ql.T17t19.J133212+253000.10.2048.v1/VLASS1.1.ql.T17t19.J133212+253000.10.2048.v1.I.iter1.image.pbcor.tt0.rms.subim.fits
91,VLASS1.1.T17t22.J160928+263000,VLASS1.1,T17t22,J160928+263000,v1,https://archive-new.nrao.edu/vlass/quicklook/VLASS1.1/T17t22/VLASS1.1.ql.T17t22.J160928+263000.10.2048.v1/VLASS1.1.ql.T17t22.J160928+263000.10.2048.v1.I.iter1.image.pbcor.tt0.subim.fits,https://archive-new.nrao.edu/vlass/quicklook/VLASS1.1/T17t22/VLASS1.1.ql.T17t22.J160928+263000.10.2048.v1/VLASS1.1.ql.T17t22.J160928+263000.10.2048.v1.I.iter1.image.pbcor.tt0.rms.subim.fits
92,VLASS1.1.T18t18.J132439+313000,VLASS1.1,T18t18,J132439+313000,v1,https://archive-new.nrao.edu/vlass/quicklook/VLASS1.1/T18t18/VLASS1.1.ql.T18t18.J132439+313000.10.2048.v1/VLASS1.1.ql.T18t18.J132439+313000.10.2048.v1.I.iter1.image.pbcor.tt0.subim.fits,https://archive-new.nrao.edu/vlass/quicklook/VLASS1.1/T18t18/VLASS1.1.ql.T18t18.J132439+313000.10.2048.v1/VLASS1.1.ql.T18t18.J132439+313000.10.2048.v1.I.iter1.image.pbcor.tt0.rms.subim.fits
93,VLASS1.1.T18t18.J132829+313000,VLASS1.1,T18t18,J132829+313000,v1,https://archive-new.nrao.edu/vlass/quicklook/VLASS1.1/T18t18/VLASS1.1.ql.T18t18.J132829+313000.10.2048.v1/VLASS1.1.ql.T18t18.J132829+313000.10.2048.v1.I.iter1.image.pbcor.tt0.subim.fits,https://archive-new.nrao.edu/vlass/quicklook/VLASS1.1/T18t18/VLASS1.1.ql.T18t18.J132829+313000.10.2048.v1/VLASS1.1.ql.T18t18.J132829+313000.10.2048.v1.I.iter1.image.pbcor.tt0.rms.subim.fits
94,VLASS1.1.T18t19.J133218+303000,VLASS1.1,T18t19,J133218+303000,v1,https://archive-new.nrao.edu/vlass/quicklook/VLASS1.1/T18t19/VLASS1.1.ql.T18t19.J133218+303000.10.2048.v1/VLASS1.1.ql.T18t19.J133218+303000.10.2048.v1.I.iter1.image.pbcor.tt0.subim.fits,https://archive-new.nrao.edu/vlass/quicklook/VLASS1.1/T18t19/VLASS1.1.ql.T18t19.J133218+303000.10.2048.v1/VLASS1.1.ql.T18t19.J133218+303000.10.2048.v1.I.iter1.image.pbcor.tt0.rms.subim.fits
95,VLASS1.1.T19t17.J132805+323000,VLASS1.1,T19t17,J132805+323000,v1,https://archive-new.nrao.edu/vlass/quicklook/VLASS1.1/T19t17/VLASS1.1.ql.T19t17.J132805+323000.10.2048.v1/VLASS1.1.ql.T19t17.J132805+323000.10.2048.v1.I.iter1.image.pbcor.tt0.subim.fits,https://archive-new.nrao.edu/vlass/quicklook/VLASS1.1/T19t17/VLASS1.1.ql.T19t17.J132805+323000.10.2048.v1/VLASS1.1.ql.T19t17.J132805+323000.10.2048.v1.I.iter1.image.pbcor.tt0.rms.subim.fits
96,VLASS1.1.T19t21.J161203+343000,VLASS1.1,T19t21,J161203+343000,v1,https://archive-new.nrao.edu/vlass/quicklook/VLASS1.1/T19t21/VLASS1.1.ql.T19t21.J161203+343000.10.2048.v1/VLASS1.1.ql.T19t21.J161203+343000.10.2048.v1.I.iter1.image.pbcor.tt0.subim.fits,https://archive-new.nrao.edu/vlass/quicklook/VLASS1.1/T19t21/VLASS1.1.ql.T19t21.J161203+343000.10.2048.v1/VLASS1.1.ql.T19t21.J161203+343000.10.2048.v1.I.iter1.image.pbcor.tt0.rms.subim.fits
97,VLASS1.1.T20t21.J163233+373000,VLASS1.1,T20t21,J163233+373000,v1,https://archive-new.nrao.edu/vlass/quicklook/VLASS1.1/T20t21/VLASS1.1.ql.T20t21.J163233+373000.10.2048.v1/VLASS1.1.ql.T20t21.J163233+373000.10.2048.v1.I.iter1.image.pbcor.tt0.subim.fits,https://archive-new.nrao.edu/vlass/quicklook/VLASS1.1/T20t21/VLASS1.1.ql.T20t21.J163233+373000.10.2048.v1/VLASS1.1.ql.T20t21.J163233+373000.10.2048.v1.I.iter1.image.pbcor.tt0.rms.subim.fits
98,VLASS1.1.T20t21.J163733+373000,VLASS1.1,T20t21,J163733+373000,v1,https://archive-new.nrao.edu/vlass/quicklook/VLASS1.1/T20t21/VLASS1.1.ql.T20t21.J163733+373000.10.2048.v1/VLASS1.1.ql.T20t21.J163733+373000.10.2048.v1.I.iter1.image.pbcor.tt0.subim.fits,https://archive-new.nrao.edu/vlass/quicklook/VLASS1.1/T20t21/VLASS1.1.ql.T20t21.J163733+373000.10.2048.v1/VLASS1.1.ql.T20t21.J163733+373000.10.2048.v1.I.iter1.image.pbcor.tt0.rms.subim.fits
99,VLASS1.1.T20t21.J163804+383000,VLASS1.1,T20t21,J163804+383000,v1,https://archive-new.nrao.edu/vlass/quicklook/VLASS1.1/T20t21/VLASS1.1.ql.T20t21.J163804+383000.10.2048.v1/VLASS1.1.ql.T20t21.J163804+383000.10.2048.v1.I.iter1.image.pbcor.tt0.subim.fits,https://archive-new.nrao.edu/vlass/quicklook/VLASS1.1/T20t21/VLASS1.1.ql.T20t21.J163804+383000.10.2048.v1/VLASS1.1.ql.T20t21.J163804+383000.10.2048.v1.I.iter1.image.pbcor.tt0.rms.subim.fits
100,VLASS1.1.T20t21.J164344+393000,VLASS1.1,T20t21,J164344+393000,v1,https://archive-new.nrao.edu/vlass/quicklook/VLASS1.1/T20t21/VLASS1.1.ql.T20t21.J164344+393000.10.2048.v1/VLASS1.1.ql.T20t21.J164344+393000.10.2048.v1.I.iter1.image.pbcor.tt0.subim.fits,https://archive-new.nrao.edu/vlass/quicklook/VLASS1.1/T20t21/VLASS1.1.ql.T20t21.J164344+393000.10.2048.v1/VLASS1.1.ql.T20t21.J164344+393000.10.2048.v1.I.iter1.image.pbcor.tt0.rms.subim.fits
101,VLASS1.1.T20t26.J201231+373000,VLASS1.1,T20t26,J201231+373000,v1,https://archive-new.nrao.edu/vlass/quicklook/VLASS1.1/T20t26/VLASS1.1.ql.T20t26.J201231+373000.10.2048.v1/VLASS1.1.ql.T20t26.J201231+373000.10.2048.v1.I.iter1.image.pbcor.tt0.subim.fits,https://archive-new.nrao.edu/vlass/quicklook/VLASS1.1/T20t26/VLASS1.1.ql.T20t26.J201231+373000.10.2048.v1/VLASS1.1.ql.T20t26.J201231+373000.10.2048.v1.I.iter1.image.pbcor.tt0.rms.subim.fits
102,VLASS1.1.T20t27.J205028+363000,VLASS1.1,T20t27,J205028+363000,v1,https://archive-new.nrao.edu/vlass/quicklook/VLASS1.1/T20t27/VLASS1.1.ql.T20t27.J205028+363000.10.2048.v1/VLASS1.1.ql.T20t27.J205028+363000.10.2048.v1.I.iter1.image.pbcor.tt0.subim.fits,https://archive-new.nrao.edu/vlass/quicklook/VLASS1.1/T20t27/VLASS1.1.ql.T20t27.J205028+363000.10.2048.v1/VLASS1.1.ql.T20t27.J205028+363000.10.2048.v1.I.iter1.image.pbcor.tt0.rms.subim.fits
103,VLASS1.1.T20t27.J205524+363000,VLASS1.1,T20t27,J205524+363000,v1,https://archive-new.nrao.edu/vlass/quicklook/VLASS1.1/T20t27/VLASS1.1.ql.T20t27.J205524+363000.10.2048.v1/VLASS1.1.ql.T20t27.J205524+363000.10.2048.v1.I.iter1.image.pbcor.tt0.subim.fits,https://archive-new.nrao.edu/vlass/quicklook/VLASS1.1/T20t27/VLASS1.1.ql.T20t27.J205524+363000.10.2048.v1/VLASS1.1.ql.T20t27.J205524+363000.10.2048.v1.I.iter1.image.pbcor.tt0.rms.subim.fits
104,VLASS1.1.T21t20.J195843+403000,VLASS1.1,T21t20,J195843+403000,v1,https://archive-new.nrao.edu/vlass/quicklook/VLASS1.1/T21t20/VLASS1.1.ql.T21t20.J195843+403000.10.2048.v1/VLASS1.1.ql.T21t20.J195843+403000.10.2048.v1.I.iter1.image.pbcor.tt0.subim.fits,https://archive-new.nrao.edu/vlass/quicklook/VLASS1.1/T21t20/VLASS1.1.ql.T21t20.J195843+403000.10.2048.v1/VLASS1.1.ql.T21t20.J195843+403000.10.2048.v1.I.iter1.image.pbcor.tt0.rms.subim.fits
105,VLASS1.1.T21t21.J200236+403000,VLASS1.1,T21t21,J200236+403000,v1,https://archive-new.nrao.edu/vlass/quicklook/VLASS1.1/T21t21/VLASS1.1.ql.T21t21.J200236+403000.10.2048.v1/VLASS1.1.ql.T21t21.J200236+403000.10.2048.v1.I.iter1.image.pbcor.tt0.subim.fits,https://archive-new.nrao.edu/vlass/quicklook/VLASS1.1/T21t21/VLASS1.1.ql.T21t21.J200236+403000.10.2048.v1/VLASS1.1.ql.T21t21.J200236+403000.10.2048.v1.I.iter1.image.pbcor.tt0.rms.subim.fits
106,VLASS1.1.T23t19.J182654+483000,VLASS1.1,T23t19,J182654+483000,v1,https://archive-new.nrao.edu/vlass/quicklook/VLASS1.1/T23t19/VLASS1.1.ql.T23t19.J182654+483000.10.2048.v1/VLASS1.1.ql.T23t19.J182654+483000.10.2048.v1.I.iter1.image.pbcor.tt0.subim.fits,https://archive-new.nrao.edu/vlass/quicklook/VLASS1.1/T23t19/VLASS1.1.ql.T23t19.J182654+483000.10.2048.v1/VLASS1.1.ql.T23t19.J182654+483000.10.2048.v1.I.iter1.image.pbcor.tt0.rms.subim.fits
107,VLASS1.1.T23t19.J183252+483000,VLASS1.1,T23t19,J183252+483000,v1,https://archive-new.nrao.edu/vlass/quicklook/VLASS1.1/T23t19/VLASS1.1.ql.T23t19.J183252+483000.10.2048.v1/VLASS1.1.ql.T23t19.J183252+483000.10.2048.v1.I.iter1.image.pbcor.tt0.subim.fits,https://archive-new.nrao.edu/vlass/quicklook/VLASS1.1/T23t19/VLASS1.1.ql.T23t19.J183252+483000.10.2048.v1/VLASS1.1.ql.T23t19.J183252+483000.10.2048.v1.I.iter1.image.pbcor.tt0.rms.subim.fits
108,VLASS1.1.T24t09.J083122+553000,VLASS1.1,T24t09,J083122+553000,v1,https://archive-new.nrao.edu/vlass/quicklook/VLASS1.1/T24t09/VLASS1.1.ql.T24t09.J083122+553000.10.2048.v1/VLASS1.1.ql.T24t09.J083122+553000.10.2048.v1.I.iter1.image.pbcor.tt0.subim.fits,https://archive-new.nrao.edu/vlass/quicklook/VLASS1.1/T24t09/VLASS1.1.ql.T24t09.J083122+553000.10.2048.v1/VLASS1.1.ql.T24t09.J083122+553000.10.2048.v1.I.iter1.image.pbcor.tt0.rms.subim.fits
109,VLASS1.1.T24t09.J083821+553000,VLASS1.1,T24t09,J083821+553000,v1,https://archive-new.nrao.edu/vlass/quicklook/VLASS1.1/T24t09/VLASS1.1.ql.T24t09.J083821+553000.10.2048.v1/VLASS1.1.ql.T24t09.J083821+553000.10.2048.v1.I.iter1.image.pbcor.tt0.subim.fits,https://archive-new.nrao.edu/vlass/quicklook/VLASS1.1/T24t09/VLASS1.1.ql.T24t09.J083821+553000.10.2048.v1/VLASS1.1.ql.T24t09.J083821+553000.10.2048.v1.I.iter1.image.pbcor.tt0.rms.subim.fits
110,VLASS1.1.T24t15.J140944+523000,VLASS1.1,T24t15,J140944+523000,v1,https://archive-new.nrao.edu/vlass/quicklook/VLASS1.1/T24t15/VLASS1.1.ql.T24t15.J140944+523000.10.2048.v1/VLASS1.1.ql.T24t15.J140944+523000.10.2048.v1.I.iter1.image.pbcor.tt0.subim.fits,https://archive-new.nrao.edu/vlass/quicklook/VLASS1.1/T24t15/VLASS1.1.ql.T24t15.J140944+523000.10.2048.v1/VLASS1.1.ql.T24t15.J140944+523000.10.2048.v1.I.iter1.image.pbcor.tt0.rms.subim.fits
111,VLASS1.1.T25t18.J232130+583000,VLASS1.1,T25t18,J232130+583000,v1,https://archive-new.nrao.edu/vlass/quicklook/VLASS1.1/T25t18/VLASS1.1.ql.T25t18.J232130+583000.10.2048.v1/VLASS1.1.ql.T25t18.J232130+583000.10.2048.v1.I.iter1.image.pbcor.tt0.subim.fits,https://archive-new.nrao.edu/vlass/quicklook/VLASS1.1/T25t18/VLASS1.1.ql.T25t18.J232130+583000.10.2048.v1/VLASS1.1.ql.T25t18.J232130+583000.10.2048.v1.I.iter1.image.pbcor.tt0.rms.subim.fits
112,VLASS1.1.T26t02.J022152+613000,VLASS1.1,T26t02,J022152+613000,v1,https://archive-new.nrao.edu/vlass/quicklook/VLASS1.1/T26t02/VLASS1.1.ql.T26t02.J022152+613000.10.2048.v1/VLASS1.1.ql.T26t02.J022152+613000.10.2048.v1.I.iter1.image.pbcor.tt0.subim.fits,https://archive-new.nrao.edu/vlass/quicklook/VLASS1.1/T26t02/VLASS1.1.ql.T26t02.J022152+613000.10.2048.v1/VLASS1.1.ql.T26t02.J022152+613000.10.2048.v1.I.iter1.image.pbcor.tt0.rms.subim.fits
113,VLASS1.1.T26t02.J022354+623000,VLASS1.1,T26t02,J022354+623000,v1,https://archive-new.nrao.edu/vlass/quicklook/VLASS1.1/T26t02/VLASS1.1.ql.T26t02.J022354+623000.10.2048.v1/VLASS1.1.ql.T26t02.J022354+623000.10.2048.v1.I.iter1.image.pbcor.tt0.subim.fits,https://archive-new.nrao.edu/vlass/quicklook/VLASS1.1/T26t02/VLASS1.1.ql.T26t02.J022354+623000.10.2048.v1/VLASS1.1.ql.T26t02.J022354+623000.10.2048.v1.I.iter1.image.pbcor.tt0.rms.subim.fits
114,VLASS1.1.T26t02.J023225+623000,VLASS1.1,T26t02,J023225+623000,v1,https://archive-new.nrao.edu/vlass/quicklook/VLASS1.1/T26t02/VLASS1.1.ql.T26t02.J023225+623000.10.2048.v1/VLASS1.1.ql.T26t02.J023225+623000.10.2048.v1.I.iter1.image.pbcor.tt0.subim.fits,https://archive-new.nrao.edu/vlass/quicklook/VLASS1.1/T26t02/VLASS1.1.ql.T26t02.J023225+623000.10.2048.v1/VLASS1.1.ql.T26t02.J023225+623000.10.2048.v1.I.iter1.image.pbcor.tt0.rms.subim.fits
115,VLASS1.1.T26t11.J135820+623000,VLASS1.1,T26t11,J135820+623000,v1,https://archive-new.nrao.edu/vlass/quicklook/VLASS1.1/T26t11/VLASS1.1.ql.T26t11.J135820+623000.10.2048.v1/VLASS1.1.ql.T26t11.J135820+623000.10.2048.v1.I.iter1.image.pbcor.tt0.subim.fits,https://archive-new.nrao.edu/vlass/quicklook/VLASS1.1/T26t11/VLASS1.1.ql.T26t11.J135820+623000.10.2048.v1/VLASS1.1.ql.T26t11.J135820+623000.10.2048.v1.I.iter1.image.pbcor.tt0.rms.subim.fits
116,VLASS1.1.T26t13.J163820+623000,VLASS1.1,T26t13,J163820+623000,v1,https://archive-new.nrao.edu/vlass/quicklook/VLASS1.1/T26t13/VLASS1.1.ql.T26t13.J163820+623000.10.2048.v1/VLASS1.1.ql.T26t13.J163820+623000.10.2048.v1.I.iter1.image.pbcor.tt0.subim.fits,https://archive-new.nrao.edu/vlass/quicklook/VLASS1.1/T26t13/VLASS1.1.ql.T26t13.J163820+623000.10.2048.v1/VLASS1.1.ql.T26t13.J163820+623000.10.2048.v1.I.iter1.image.pbcor.tt0.rms.subim.fits
117,VLASS1.1.T27t01.J005843+683000,VLASS1.1,T27t01,J005843+683000,v1,https://archive-new.nrao.edu/vlass/quicklook/VLASS1.1/T27t01/VLASS1.1.ql.T27t01.J005843+683000.10.2048.v1/VLASS1.1.ql.T27t01.J005843+683000.10.2048.v1.I.iter1.image.pbcor.tt0.subim.fits,https://archive-new.nrao.edu/vlass/quicklook/VLASS1.1/T27t01/VLASS1.1.ql.T27t01.J005843+683000.10.2048.v1/VLASS1.1.ql.T27t01.J005843+683000.10.2048.v1.I.iter1.image.pbcor.tt0.rms.subim.fits
118,VLASS1.1.T27t11.J163722+683000,VLASS1.1,T27t11,J163722+683000,v1,https://archive-new.nrao.edu/vlass/quicklook/VLASS1.1/T27t11/VLASS1.1.ql.T27t11.J163722+683000.10.2048.v1/VLASS1.1.ql.T27t11.J163722+683000.10.2048.v1.I.iter1.image.pbcor.tt0.subim.fits,https://archive-new.nrao.edu/vlass/quicklook/VLASS1.1/T27t11/VLASS1.1.ql.T27t11.J163722+683000.10.2048.v1/VLASS1.1.ql.T27t11.J163722+683000.10.2048.v1.I.iter1.image.pbcor.tt0.rms.subim.fits
119,VLASS1.1.T28t05.J084055+703000,VLASS1.1,T28t05,J084055+703000,v1,https://archive-new.nrao.edu/vlass/quicklook/VLASS1.1/T28t05/VLASS1.1.ql.T28t05.J084055+703000.10.2048.v1/VLASS1.1.ql.T28t05.J084055+703000.10.2048.v1.I.iter1.image.pbcor.tt0.subim.fits,https://archive-new.nrao.edu/vlass/quicklook/VLASS1.1/T28t05/VLASS1.1.ql.T28t05.J084055+703000.10.2048.v1/VLASS1.1.ql.T28t05.J084055+703000.10.2048.v1.I.iter1.image.pbcor.tt0.rms.subim.fits
120,VLASS1.1.T28t06.J115814+723000,VLASS1.1,T28t06,J115814+723000,v1,https://archive-new.nrao.edu/vlass/quicklook/VLASS1.1/T28t06/VLASS1.1.ql.T28t06.J115814+723000.10.2048.v1/VLASS1.1.ql.T28t06.J115814+723000.10.2048.v1.I.iter1.image.pbcor.tt0.subim.fits,https://archive-new.nrao.edu/vlass/quicklook/VLASS1.1/T28t06/VLASS1.1.ql.T28t06.J115814+723000.10.2048.v1/VLASS1.1.ql.T28t06.J115814+723000.10.2048.v1.I.iter1.image.pbcor.tt0.rms.subim.fits
121,VLASS1.1.T28t07.J120628+723000,VLASS1.1,T28t07,J120628+723000,v1,https://archive-new.nrao.edu/vlass/quicklook/VLASS1.1/T28t07/VLASS1.1.ql.T28t07.J120628+723000.10.2048.v1/VLASS1.1.ql.T28t07.J120628+723000.10.2048.v1.I.iter1.image.pbcor.tt0.subim.fits,https://archive-new.nrao.edu/vlass/quicklook/VLASS1.1/T28t07/VLASS1.1.ql.T28t07.J120628+723000.10.2048.v1/VLASS1.1.ql.T28t07.J120628+723000.10.2048.v1.I.iter1.image.pbcor.tt0.rms.subim.fits
122,VLASS1.1.T28t08.J145517+713000,VLASS1.1,T28t08,J145517+713000,v1,https://archive-new.nrao.edu/vlass/quicklook/VLASS1.1/T28t08/VLASS1.1.ql.T28t08.J145517+713000.10.2048.v1/VLASS1.1.ql.T28t08.J145517+713000.10.2048.v1.I.iter1.image.pbcor.tt0.subim.fits,https://archive-new.nrao.edu/vlass/quicklook/VLASS1.1/T28t08/VLASS1.1.ql.T28t08.J145517+713000.10.2048.v1/VLASS1.1.ql.T28t08.J145517+713000.10.2048.v1.I.iter1.image.pbcor.tt0.rms.subim.fits
123,VLASS1.1.T28t08.J150734+713000,VLASS1.1,T28t08,J150734+713000,v1,https://archive-new.nrao.edu/vlass/quicklook/VLASS1.1/T28t08/VLASS1.1.ql.T28t08.J150734+713000.10.2048.v1/VLASS1.1.ql.T28t08.J150734+713000.10.2048.v1.I.iter1.image.pbcor.tt0.subim.fits,https://archive-new.nrao.edu/vlass/quicklook/VLASS1.1/T28t08/VLASS1.1.ql.T28t08.J150734+713000.10.2048.v1/VLASS1.1.ql.T28t08.J150734+713000.10.2048.v1.I.iter1.image.pbcor.tt0.rms.subim.fits
124,VLASS1.1.T29t01.J020958+733000,VLASS1.1,T29t01,J020958+733000,v1,https://archive-new.nrao.edu/vlass/quicklook/VLASS1.1/T29t01/VLASS1.1.ql.T29t01.J020958+733000.10.2048.v1/VLASS1.1.ql.T29t01.J020958+733000.10.2048.v1.I.iter1.image.pbcor.tt0.subim.fits,https://archive-new.nrao.edu/vlass/quicklook/VLASS1.1/T29t01/VLASS1.1.ql.T29t01.J020958+733000.10.2048.v1/VLASS1.1.ql.T29t01.J020958+733000.10.2048.v1.I.iter1.image.pbcor.tt0.rms.subim.fits
125,VLASS1.1.T29t01.J022339+733000,VLASS1.1,T29t01,J022339+733000,v1,https://archive-new.nrao.edu/vlass/quicklook/VLASS1.1/T29t01/VLASS1.1.ql.T29t01.J022339+733000.10.2048.v1/VLASS1.1.ql.T29t01.J022339+733000.10.2048.v1.I.iter1.image.pbcor.tt0.subim.fits,https://archive-new.nrao.edu/vlass/quicklook/VLASS1.1/T29t01/VLASS1.1.ql.T29t01.J022339+733000.10.2048.v1/VLASS1.1.ql.T29t01.J022339+733000.10.2048.v1.I.iter1.image.pbcor.tt0.rms.subim.fits
126,VLASS1.1.T29t02.J041056+763000,VLASS1.1,T29t02,J041056+763000,v1,https://archive-new.nrao.edu/vlass/quicklook/VLASS1.1/T29t02/VLASS1.1.ql.T29t02.J041056+763000.10.2048.v1/VLASS1.1.ql.T29t02.J041056+763000.10.2048.v1.I.iter1.image.pbcor.tt0.subim.fits,https://archive-new.nrao.edu/vlass/quicklook/VLASS1.1/T29t02/VLASS1.1.ql.T29t02.J041056+763000.10.2048.v1/VLASS1.1.ql.T29t02.J041056+763000.10.2048.v1.I.iter1.image.pbcor.tt0.rms.subim.fits
127,VLASS1.1.T29t05.J115514+733000,VLASS1.1,T29t05,J115514+733000,v1,https://archive-new.nrao.edu/vlass/quicklook/VLASS1.1/T29t05/VLASS1.1.ql.T29t05.J115514+733000.10.2048.v1/VLASS1.1.ql.T29t05.J115514+733000.10.2048.v1.I.iter1.image.pbcor.tt0.subim.fits,https://archive-new.nrao.edu/vlass/quicklook/VLASS1.1/T29t05/VLASS1.1.ql.T29t05.J115514+733000.10.2048.v1/VLASS1.1.ql.T29t05.J115514+733000.10.2048.v1.I.iter1.image.pbcor.tt0.rms.subim.fits
128,VLASS1.1.T29t08.J193047+743000,VLASS1.1,T29t08,J193047+743000,v1,https://archive-new.nrao.edu/vlass/quicklook/VLASS1.1/T29t08/VLASS1.1.ql.T29t08.J193047+743000.10.2048.v1/VLASS1.1.ql.T29t08.J193047+743000.10.2048.v1.I.iter1.image.pbcor.tt0.subim.fits,https://archive-new.nrao.edu/vlass/quicklook/VLASS1.1/T29t08/VLASS1.1.ql.T29t08.J193047+743000.10.2048.v1/VLASS1.1.ql.T29t08.J193047+743000.10.2048.v1.I.iter1.image.pbcor.tt0.rms.subim.fits
129,VLASS1.1.T30t02.J040001+773000,VLASS1.1,T30t02,J040001+773000,v1,https://archive-new.nrao.edu/vlass/quicklook/VLASS1.1/T30t02/VLASS1.1.ql.T30t02.J040001+773000.10.2048.v1/VLASS1.1.ql.T30t02.J040001+773000.10.2048.v1.I.iter1.image.pbcor.tt0.subim.fits,https://archive-new.nrao.edu/vlass/quicklook/VLASS1.1/T30t02/VLASS1.1.ql.T30t02.J040001+773000.10.2048.v1/VLASS1.1.ql.T30t02.J040001+773000.10.2048.v1.I.iter1.image.pbcor.tt0.rms.subim.fits
130,VLASS1.1.T30t02.J041747+773000,VLASS1.1,T30t02,J041747+773000,v1,https://archive-new.nrao.edu/vlass/quicklook/VLASS1.1/T30t02/VLASS1.1.ql.T30t02.J041747+773000.10.2048.v1/VLASS1.1.ql.T30t02.J041747+773000.10.2048.v1.I.iter1.image.pbcor.tt0.subim.fits,https://archive-new.nrao.edu/vlass/quicklook/VLASS1.1/T30t02/VLASS1.1.ql.T30t02.J041747+773000.10.2048.v1/VLASS1.1.ql.T30t02.J041747+773000.10.2048.v1.I.iter1.image.pbcor.tt0.rms.subim.fits
131,VLASS1.1.T31t04.J233031+823000,VLASS1.1,T31t04,J233031+823000,v1,https://archive-new.nrao.edu/vlass/quicklook/VLASS1.1/T31t04/VLASS1.1.ql.T31t04.J233031+823000.10.2048.v1/VLASS1.1.ql.T31t04.J233031+823000.10.2048.v1.I.iter1.image.pbcor.tt0.subim.fits,https://archive-new.nrao.edu/vlass/quicklook/VLASS1.1/T31t04/VLASS1.1.ql.T31t04.J233031+823000.10.2048.v1/VLASS1.1.ql.T31t04.J233031+823000.10.2048.v1.I.iter1.image.pbcor.tt0.rms.subim.fits
132,VLASS1.1.T31t04.J235226+823000,VLASS1.1,T31t04,J235226+823000,v1,https://archive-new.nrao.edu/vlass/quicklook/VLASS1.1/T31t04/VLASS1.1.ql.T31t04.J235226+823000.10.2048.v1/VLASS1.1.ql.T31t04.J235226+823000.10.2048.v1.I.iter1.image.pbcor.tt0.subim.fits,https://archive-new.nrao.edu/vlass/quicklook/VLASS1.1/T31t04/VLASS1.1.ql.T31t04.J235226+823000.10.2048.v1/VLASS1.1.ql.T31t04.J235226+823000.10.2048.v1.I.iter1.image.pbcor.tt0.rms.subim.fits
